Workbook

Sheet Data
A1: Life (hrs) | B1: Probability | C1: Cumulative | E1: Arrival (min) | F1: Probability | G1: Cumulative
A2: 1000 | B2: 0.1 | C2: 0.1 | E2: 20 | F2: 0.6 | G2: 0.6
A3: 1100 | B3: 0.13 | C3: =C2+B3 -> 0.23 | E3: 30 | F3: 0.3 | G3: 0.9
A4: 1200 | B4: 0.25 | C4: =C3+B4 -> 0.48 | E4: 45 | F4: 0.1 | G4: 1
A5: 1300 | B5: 0.13 | C5: =C4+B5 -> 0.61
A6: 1400 | B6: 0.09 | C6: =C5+B6 -> 0.7 | E6: Fan Quantity | F6: Repair time (min)
A7: 1500 | B7: 0.12 | C7: =C6+B7 -> 0.82 | E7: 1 | F7: 20
A8: 1600 | B8: 0.02 | C8: =C7+B8 -> 0.84 | E8: 2 | F8: 30
A9: 1700 | B9: 0.06 | C9: =C8+B9 -> 0.9 | E9: 3 | F9: 40
A10: 1800 | B10: 0.05 | C10: =C9+B10 -> 0.95
A11: 1900 | B11: 0.05 | C11: =C10+B11 -> 1 | E11: Column1 | F11: Column2
E12: Fan Cost | F12: 32
E13: Downtime Cost per min | F13: 10
E14: Tech Cost per hour | F14: 30

Sheet Current Policy
A1: Trial # | B1: Failure Time | C1: Fan A Life (hrs) | D1: Fan B Life (hrs) | E1: Fan C Life (hrs) | F1: Fans Replaced | G1: Arrival (min) | H1: Repair Time (min) | I1: Downtime (min) | J1: Fan Cost | K1: Tech Cost | L1: Downtime Cost | M1: Total Cost
A2: 1 | B2: =MIN(C2:E2) -> 1300 | C2: =_xlfn.XLOOKUP(RAND(),Data!$C$2:$C$11,Data!$A$2:$A$11,0,1,1) -> 1500 | D2: =_xlfn.XLOOKUP(RAND(),Data!$C$2:$C$11,Data!$A$2:$A$11,0,1,1) -> 1300 | E2: =_xlfn.XLOOKUP(RAND(),Data!$C$2:$C$11,Data!$A$2:$A$11,0,1,1) -> 1400 | F2: =COUNTIF(C2:E2,MIN(C2:E2)) -> 1 | G2: =_xlfn.XLOOKUP(RAND(),Data!$G$2:$G$4,Data!$E$2:$E$4,0,1,1) -> 20 | H2: =IF(F2=1,Data!$F$7,IF(F2=2,Data!$F$8,Data!$F$9)) -> 20 | I2: =SUM(G2:H2) -> 40 | J2: =F2*Data!$F$12 -> 32 | K2: =((G2+H2)/60)*Data!$F$14 -> 20 | L2: =I2*Data!$F$13 -> 400 | M2: =SUM(J2:L2) -> 452
A3: 2 | B3: =B2+MIN(C3:E3) -> 1400 | C3: =IF(C2=MIN(C2:E2),_xlfn.XLOOKUP(RAND(),Data!$C$2:$C$11,Data!$A$2:$A$11,0,1,1),C2-MIN(C2:E2)) -> 200 | D3: =IF(D2=MIN(C2:E2),_xlfn.XLOOKUP(RAND(),Data!$C$2:$C$11,Data!$A$2:$A$11,0,1,1),D2-MIN(C2:E2)) -> 1500 | E3: =IF(E2=MIN(C2:E2),_xlfn.XLOOKUP(RAND(),Data!$C$2:$C$11,Data!$A$2:$A$11,0,1,1),E2-MIN(C2:E2)) -> 100 | F3: =COUNTIF(C3:E3,MIN(C3:E3)) -> 1 | G3: =_xlfn.XLOOKUP(RAND(),Data!$G$2:$G$4,Data!$E$2:$E$4,0,1,1) -> 45 | H3: =IF(F3=1,Data!$F$7,IF(F3=2,Data!$F$8,Data!$F$9)) -> 20 | I3: =SUM(G3:H3) -> 65 | J3: =F3*Data!$F$12 -> 32 | K3: =((G3+H3)/60)*Data!$F$14 -> 32.5 | L3: =I3*Data!$F$13 -> 650 | M3: =SUM(J3:L3) -> 714.5
A4: 3 | B4: =B3+MIN(C4:E4) -> 1500 | C4: =IF(C3=MIN(C3:E3),_xlfn.XLOOKUP(RAND(),Data!$C$2:$C$11,Data!$A$2:$A$11,0,1,1),C3-MIN(C3:E3)) -> 100 | D4: =IF(D3=MIN(C3:E3),_xlfn.XLOOKUP(RAND(),Data!$C$2:$C$11,Data!$A$2:$A$11,0,1,1),D3-MIN(C3:E3)) -> 1400 | E4: =IF(E3=MIN(C3:E3),_xlfn.XLOOKUP(RAND(),Data!$C$2:$C$11,Data!$A$2:$A$11,0,1,1),E3-MIN(C3:E3)) -> 1900 | F4: =COUNTIF(C4:E4,MIN(C4:E4)) -> 1 | G4: =_xlfn.XLOOKUP(RAND(),Data!$G$2:$G$4,Data!$E$2:$E$4,0,1,1) -> 20 | H4: =IF(F4=1,Data!$F$7,IF(F4=2,Data!$F$8,Data!$F$9)) -> 20 | I4: =SUM(G4:H4) -> 40 | J4: =F4*Data!$F$12 -> 32 | K4: =((G4+H4)/60)*Data!$F$14 -> 20 | L4: =I4*Data!$F$13 -> 400 | M4: =SUM(J4:L4) -> 452
A5: 4 | B5: =B4+MIN(C5:E5) -> 2800 | C5: =IF(C4=MIN(C4:E4),_xlfn.XLOOKUP(RAND(),Data!$C$2:$C$11,Data!$A$2:$A$11,0,1,1),C4-MIN(C4:E4)) -> 1700 | D5: =IF(D4=MIN(C4:E4),_xlfn.XLOOKUP(RAND(),Data!$C$2:$C$11,Data!$A$2:$A$11,0,1,1),D4-MIN(C4:E4)) -> 1300 | E5: =IF(E4=MIN(C4:E4),_xlfn.XLOOKUP(RAND(),Data!$C$2:$C$11,Data!$A$2:$A$11,0,1,1),E4-MIN(C4:E4)) -> 1800 | F5: =COUNTIF(C5:E5,MIN(C5:E5)) -> 1 | G5: =_xlfn.XLOOKUP(RAND(),Data!$G$2:$G$4,Data!$E$2:$E$4,0,1,1) -> 45 | H5: =IF(F5=1,Data!$F$7,IF(F5=2,Data!$F$8,Data!$F$9)) -> 20 | I5: =SUM(G5:H5) -> 65 | J5: =F5*Data!$F$12 -> 32 | K5: =((G5+H5)/60)*Data!$F$14 -> 32.5 | L5: =I5*Data!$F$13 -> 650 | M5: =SUM(J5:L5) -> 714.5
A6: 5 | B6: =B5+MIN(C6:E6) -> 3200 | C6: =IF(C5=MIN(C5:E5),_xlfn.XLOOKUP(RAND(),Data!$C$2:$C$11,Data!$A$2:$A$11,0,1,1),C5-MIN(C5:E5)) -> 400 | D6: =IF(D5=MIN(C5:E5),_xlfn.XLOOKUP(RAND(),Data!$C$2:$C$11,Data!$A$2:$A$11,0,1,1),D5-MIN(C5:E5)) -> 1500 | E6: =IF(E5=MIN(C5:E5),_xlfn.XLOOKUP(RAND(),Data!$C$2:$C$11,Data!$A$2:$A$11,0,1,1),E5-MIN(C5:E5)) -> 500 | F6: =COUNTIF(C6:E6,MIN(C6:E6)) -> 1 | G6: =_xlfn.XLOOKUP(RAND(),Data!$G$2:$G$4,Data!$E$2:$E$4,0,1,1) -> 20 | H6: =IF(F6=1,Data!$F$7,IF(F6=2,Data!$F$8,Data!$F$9)) -> 20 | I6: =SUM(G6:H6) -> 40 | J6: =F6*Data!$F$12 -> 32 | K6: =((G6+H6)/60)*Data!$F$14 -> 20 | L6: =I6*Data!$F$13 -> 400 | M6: =SUM(J6:L6) -> 452
A7: 6 | B7: =B6+MIN(C7:E7) -> 3300 | C7: =IF(C6=MIN(C6:E6),_xlfn.XLOOKUP(RAND(),Data!$C$2:$C$11,Data!$A$2:$A$11,0,1,1),C6-MIN(C6:E6)) -> 1200 | D7: =IF(D6=MIN(C6:E6),_xlfn.XLOOKUP(RAND(),Data!$C$2:$C$11,Data!$A$2:$A$11,0,1,1),D6-MIN(C6:E6)) -> 1100 | E7: =IF(E6=MIN(C6:E6),_xlfn.XLOOKUP(RAND(),Data!$C$2:$C$11,Data!$A$2:$A$11,0,1,1),E6-MIN(C6:E6)) -> 100 | F7: =COUNTIF(C7:E7,MIN(C7:E7)) -> 1 | G7: =_xlfn.XLOOKUP(RAND(),Data!$G$2:$G$4,Data!$E$2:$E$4,0,1,1) -> 30 | H7: =IF(F7=1,Data!$F$7,IF(F7=2,Data!$F$8,Data!$F$9)) -> 20 | I7: =SUM(G7:H7) -> 50 | J7: =F7*Data!$F$12 -> 32 | K7: =((G7+H7)/60)*Data!$F$14 -> 25 | L7: =I7*Data!$F$13 -> 500 | M7: =SUM(J7:L7) -> 557
A8: 7 | B8: =B7+MIN(C8:E8) -> 4300 | C8: =IF(C7=MIN(C7:E7),_xlfn.XLOOKUP(RAND(),Data!$C$2:$C$11,Data!$A$2:$A$11,0,1,1),C7-MIN(C7:E7)) -> 1100 | D8: =IF(D7=MIN(C7:E7),_xlfn.XLOOKUP(RAND(),Data!$C$2:$C$11,Data!$A$2:$A$11,0,1,1),D7-MIN(C7:E7)) -> 1000 | E8: =IF(E7=MIN(C7:E7),_xlfn.XLOOKUP(RAND(),Data!$C$2:$C$11,Data!$A$2:$A$11,0,1,1),E7-MIN(C7:E7)) -> 1000 | F8: =COUNTIF(C8:E8,MIN(C8:E8)) -> 2 | G8: =_xlfn.XLOOKUP(RAND(),Data!$G$2:$G$4,Data!$E$2:$E$4,0,1,1) -> 30 | H8: =IF(F8=1,Data!$F$7,IF(F8=2,Data!$F$8,Data!$F$9)) -> 30 | I8: =SUM(G8:H8) -> 60 | J8: =F8*Data!$F$12 -> 64 | K8: =((G8+H8)/60)*Data!$F$14 -> 30 | L8: =I8*Data!$F$13 -> 600 | M8: =SUM(J8:L8) -> 694
A9: 8 | B9: =B8+MIN(C9:E9) -> 4400 | C9: =IF(C8=MIN(C8:E8),_xlfn.XLOOKUP(RAND(),Data!$C$2:$C$11,Data!$A$2:$A$11,0,1,1),C8-MIN(C8:E8)) -> 100 | D9: =IF(D8=MIN(C8:E8),_xlfn.XLOOKUP(RAND(),Data!$C$2:$C$11,Data!$A$2:$A$11,0,1,1),D8-MIN(C8:E8)) -> 1200 | E9: =IF(E8=MIN(C8:E8),_xlfn.XLOOKUP(RAND(),Data!$C$2:$C$11,Data!$A$2:$A$11,0,1,1),E8-MIN(C8:E8)) -> 1500 | F9: =COUNTIF(C9:E9,MIN(C9:E9)) -> 1 | G9: =_xlfn.XLOOKUP(RAND(),Data!$G$2:$G$4,Data!$E$2:$E$4,0,1,1) -> 20 | H9: =IF(F9=1,Data!$F$7,IF(F9=2,Data!$F$8,Data!$F$9)) -> 20 | I9: =SUM(G9:H9) -> 40 | J9: =F9*Data!$F$12 -> 32 | K9: =((G9+H9)/60)*Data!$F$14 -> 20 | L9: =I9*Data!$F$13 -> 400 | M9: =SUM(J9:L9) -> 452
A10: 9 | B10: =B9+MIN(C10:E10) -> 5500 | C10: =IF(C9=MIN(C9:E9),_xlfn.XLOOKUP(RAND(),Data!$C$2:$C$11,Data!$A$2:$A$11,0,1,1),C9-MIN(C9:E9)) -> 1900 | D10: =IF(D9=MIN(C9:E9),_xlfn.XLOOKUP(RAND(),Data!$C$2:$C$11,Data!$A$2:$A$11,0,1,1),D9-MIN(C9:E9)) -> 1100 | E10: =IF(E9=MIN(C9:E9),_xlfn.XLOOKUP(RAND(),Data!$C$2:$C$11,Data!$A$2:$A$11,0,1,1),E9-MIN(C9:E9)) -> 1400 | F10: =COUNTIF(C10:E10,MIN(C10:E10)) -> 1 | G10: =_xlfn.XLOOKUP(RAND(),Data!$G$2:$G$4,Data!$E$2:$E$4,0,1,1) -> 45 | H10: =IF(F10=1,Data!$F$7,IF(F10=2,Data!$F$8,Data!$F$9)) -> 20 | I10: =SUM(G10:H10) -> 65 | J10: =F10*Data!$F$12 -> 32 | K10: =((G10+H10)/60)*Data!$F$14 -> 32.5 | L10: =I10*Data!$F$13 -> 650 | M10: =SUM(J10:L10) -> 714.5
A11: 10 | B11: =B10+MIN(C11:E11) -> 5800 | C11: =IF(C10=MIN(C10:E10),_xlfn.XLOOKUP(RAND(),Data!$C$2:$C$11,Data!$A$2:$A$11,0,1,1),C10-MIN(C10:E10)) -> 800 | D11: =IF(D10=MIN(C10:E10),_xlfn.XLOOKUP(RAND(),Data!$C$2:$C$11,Data!$A$2:$A$11,0,1,1),D10-MIN(C10:E10)) -> 1600 | E11: =IF(E10=MIN(C10:E10),_xlfn.XLOOKUP(RAND(),Data!$C$2:$C$11,Data!$A$2:$A$11,0,1,1),E10-MIN(C10:E10)) -> 300 | F11: =COUNTIF(C11:E11,MIN(C11:E11)) -> 1 | G11: =_xlfn.XLOOKUP(RAND(),Data!$G$2:$G$4,Data!$E$2:$E$4,0,1,1) -> 30 | H11: =IF(F11=1,Data!$F$7,IF(F11=2,Data!$F$8,Data!$F$9)) -> 20 | I11: =SUM(G11:H11) -> 50 | J11: =F11*Data!$F$12 -> 32 | K11: =((G11+H11)/60)*Data!$F$14 -> 25 | L11: =I11*Data!$F$13 -> 500 | M11: =SUM(J11:L11) -> 557
A12: 11 | B12: =B11+MIN(C12:E12) -> 6300 | C12: =IF(C11=MIN(C11:E11),_xlfn.XLOOKUP(RAND(),Data!$C$2:$C$11,Data!$A$2:$A$11,0,1,1),C11-MIN(C11:E11)) -> 500 | D12: =IF(D11=MIN(C11:E11),_xlfn.XLOOKUP(RAND(),Data!$C$2:$C$11,Data!$A$2:$A$11,0,1,1),D11-MIN(C11:E11)) -> 1300 | E12: =IF(E11=MIN(C11:E11),_xlfn.XLOOKUP(RAND(),Data!$C$2:$C$11,Data!$A$2:$A$11,0,1,1),E11-MIN(C11:E11)) -> 1500 | F12: =COUNTIF(C12:E12,MIN(C12:E12)) -> 1 | G12: =_xlfn.XLOOKUP(RAND(),Data!$G$2:$G$4,Data!$E$2:$E$4,0,1,1) -> 20 | H12: =IF(F12=1,Data!$F$7,IF(F12=2,Data!$F$8,Data!$F$9)) -> 20 | I12: =SUM(G12:H12) -> 40 | J12: =F12*Data!$F$12 -> 32 | K12: =((G12+H12)/60)*Data!$F$14 -> 20 | L12: =I12*Data!$F$13 -> 400 | M12: =SUM(J12:L12) -> 452
A13: 12 | B13: =B12+MIN(C13:E13) -> 7100 | C13: =IF(C12=MIN(C12:E12),_xlfn.XLOOKUP(RAND(),Data!$C$2:$C$11,Data!$A$2:$A$11,0,1,1),C12-MIN(C12:E12)) -> 1300 | D13: =IF(D12=MIN(C12:E12),_xlfn.XLOOKUP(RAND(),Data!$C$2:$C$11,Data!$A$2:$A$11,0,1,1),D12-MIN(C12:E12)) -> 800 | E13: =IF(E12=MIN(C12:E12),_xlfn.XLOOKUP(RAND(),Data!$C$2:$C$11,Data!$A$2:$A$11,0,1,1),E12-MIN(C12:E12)) -> 1000 | F13: =COUNTIF(C13:E13,MIN(C13:E13)) -> 1 | G13: =_xlfn.XLOOKUP(RAND(),Data!$G$2:$G$4,Data!$E$2:$E$4,0,1,1) -> 20 | H13: =IF(F13=1,Data!$F$7,IF(F13=2,Data!$F$8,Data!$F$9)) -> 20 | I13: =SUM(G13:H13) -> 40 | J13: =F13*Data!$F$12 -> 32 | K13: =((G13+H13)/60)*Data!$F$14 -> 20 | L13: =I13*Data!$F$13 -> 400 | M13: =SUM(J13:L13) -> 452
A14: 13 | B14: =B13+MIN(C14:E14) -> 7300 | C14: =IF(C13=MIN(C13:E13),_xlfn.XLOOKUP(RAND(),Data!$C$2:$C$11,Data!$A$2:$A$11,0,1,1),C13-MIN(C13:E13)) -> 500 | D14: =IF(D13=MIN(C13:E13),_xlfn.XLOOKUP(RAND(),Data!$C$2:$C$11,Data!$A$2:$A$11,0,1,1),D13-MIN(C13:E13)) -> 1800 | E14: =IF(E13=MIN(C13:E13),_xlfn.XLOOKUP(RAND(),Data!$C$2:$C$11,Data!$A$2:$A$11,0,1,1),E13-MIN(C13:E13)) -> 200 | F14: =COUNTIF(C14:E14,MIN(C14:E14)) -> 1 | G14: =_xlfn.XLOOKUP(RAND(),Data!$G$2:$G$4,Data!$E$2:$E$4,0,1,1) -> 20 | H14: =IF(F14=1,Data!$F$7,IF(F14=2,Data!$F$8,Data!$F$9)) -> 20 | I14: =SUM(G14:H14) -> 40 | J14: =F14*Data!$F$12 -> 32 | K14: =((G14+H14)/60)*Data!$F$14 -> 20 | L14: =I14*Data!$F$13 -> 400 | M14: =SUM(J14:L14) -> 452
... A46: 45 | B46: =B45+MIN(C46:E46) -> 21900 | C46: =IF(C45=MIN(C45:E45),_xlfn.XLOOKUP(RAND(),Data!$C$2:$C$11,Data!$A$2:$A$11,0,1,1),C45-MIN(C45:E45)) -> 1000 | D46: =IF(D45=MIN(C45:E45),_xlfn.XLOOKUP(RAND(),Data!$C$2:$C$11,Data!$A$2:$A$11,0,1,1),D45-MIN(C45:E45)) -> 200 | E46: =IF(E45=MIN(C45:E45),_xlfn.XLOOKUP(RAND(),Data!$C$2:$C$11,Data!$A$2:$A$11,0,1,1),E45-MIN(C45:E45)) -> 1200 | F46: =COUNTIF(C46:E46,MIN(C46:E46)) -> 1 | G46: =_xlfn.XLOOKUP(RAND(),Data!$G$2:$G$4,Data!$E$2:$E$4,0,1,1) -> 30 | H46: =IF(F46=1,Data!$F$7,IF(F46=2,Data!$F$8,Data!$F$9)) -> 20 | I46: =SUM(G46:H46) -> 50 | J46: =F46*Data!$F$12 -> 32 | K46: =((G46+H46)/60)*Data!$F$14 -> 25 | L46: =I46*Data!$F$13 -> 500 | M46: =SUM(J46:L46) -> 557
L48: Average Total Cost | M48: =AVERAGE(M2:M46) -> 513.63333

Sheet Proposed Policy
A1: Trial # | B1: Failure Time | C1: Fan A Life (hrs) | D1: Fan B Life (hrs) | E1: Fan C Life (hrs) | F1: Fans Replaced | G1: Arrival (min) | H1: Repair Time (min) | I1: Downtime (min) | J1: Fan Cost | K1: Tech Cost | L1: Downtime Cost | M1: Total Cost
A2: 1 | B2: =MIN(C2:E2) -> 1200 | C2: =_xlfn.XLOOKUP(RAND(),Data!$C$2:$C$11,Data!$A$2:$A$11,0,1,1) -> 1400 | D2: =_xlfn.XLOOKUP(RAND(),Data!$C$2:$C$11,Data!$A$2:$A$11,0,1,1) -> 1500 | E2: =_xlfn.XLOOKUP(RAND(),Data!$C$2:$C$11,Data!$A$2:$A$11,0,1,1) -> 1200 | F2: 3 | G2: =_xlfn.XLOOKUP(RAND(),Data!$G$2:$G$4,Data!$E$2:$E$4,0,1,1) -> 20 | H2: =IF(F2=1,Data!$F$7,IF(F2=2,Data!$F$8,Data!$F$9)) -> 40 | I2: =SUM(G2:H2) -> 60 | J2: =F2*Data!$F$12 -> 96 | K2: =((G2+H2)/60)*Data!$F$14 -> 30 | L2: =I2*Data!$F$13 -> 600 | M2: =SUM(J2:L2) -> 726
A3: 2 | B3: =B2+MIN(C3:E3) -> 2400 | C3: =_xlfn.XLOOKUP(RAND(),Data!$C$2:$C$11,Data!$A$2:$A$11,0,1,1) -> 1900 | D3: =_xlfn.XLOOKUP(RAND(),Data!$C$2:$C$11,Data!$A$2:$A$11,0,1,1) -> 1200 | E3: =_xlfn.XLOOKUP(RAND(),Data!$C$2:$C$11,Data!$A$2:$A$11,0,1,1) -> 1400 | F3: 3 | G3: =_xlfn.XLOOKUP(RAND(),Data!$G$2:$G$4,Data!$E$2:$E$4,0,1,1) -> 20 | H3: =IF(F3=1,Data!$F$7,IF(F3=2,Data!$F$8,Data!$F$9)) -> 40 | I3: =SUM(G3:H3) -> 60 | J3: =F3*Data!$F$12 -> 96 | K3: =((G3+H3)/60)*Data!$F$14 -> 30 | L3: =I3*Data!$F$13 -> 600 | M3: =SUM(J3:L3) -> 726
A4: 3 | B4: =B3+MIN(C4:E4) -> 3600 | C4: =_xlfn.XLOOKUP(RAND(),Data!$C$2:$C$11,Data!$A$2:$A$11,0,1,1) -> 1300 | D4: =_xlfn.XLOOKUP(RAND(),Data!$C$2:$C$11,Data!$A$2:$A$11,0,1,1) -> 1400 | E4: =_xlfn.XLOOKUP(RAND(),Data!$C$2:$C$11,Data!$A$2:$A$11,0,1,1) -> 1200 | F4: 3 | G4: =_xlfn.XLOOKUP(RAND(),Data!$G$2:$G$4,Data!$E$2:$E$4,0,1,1) -> 20 | H4: =IF(F4=1,Data!$F$7,IF(F4=2,Data!$F$8,Data!$F$9)) -> 40 | I4: =SUM(G4:H4) -> 60 | J4: =F4*Data!$F$12 -> 96 | K4: =((G4+H4)/60)*Data!$F$14 -> 30 | L4: =I4*Data!$F$13 -> 600 | M4: =SUM(J4:L4) -> 726
A5: 4 | B5: =B4+MIN(C5:E5) -> 4800 | C5: =_xlfn.XLOOKUP(RAND(),Data!$C$2:$C$11,Data!$A$2:$A$11,0,1,1) -> 1500 | D5: =_xlfn.XLOOKUP(RAND(),Data!$C$2:$C$11,Data!$A$2:$A$11,0,1,1) -> 1200 | E5: =_xlfn.XLOOKUP(RAND(),Data!$C$2:$C$11,Data!$A$2:$A$11,0,1,1) -> 1200 | F5: 3 | G5: =_xlfn.XLOOKUP(RAND(),Data!$G$2:$G$4,Data!$E$2:$E$4,0,1,1) -> 20 | H5: =IF(F5=1,Data!$F$7,IF(F5=2,Data!$F$8,Data!$F$9)) -> 40 | I5: =SUM(G5:H5) -> 60 | J5: =F5*Data!$F$12 -> 96 | K5: =((G5+H5)/60)*Data!$F$14 -> 30 | L5: =I5*Data!$F$13 -> 600 | M5: =SUM(J5:L5) -> 726
A6: 5 | B6: =B5+MIN(C6:E6) -> 6000 | C6: =_xlfn.XLOOKUP(RAND(),Data!$C$2:$C$11,Data!$A$2:$A$11,0,1,1) -> 1200 | D6: =_xlfn.XLOOKUP(RAND(),Data!$C$2:$C$11,Data!$A$2:$A$11,0,1,1) -> 1200 | E6: =_xlfn.XLOOKUP(RAND(),Data!$C$2:$C$11,Data!$A$2:$A$11,0,1,1) -> 1300 | F6: 3 | G6: =_xlfn.XLOOKUP(RAND(),Data!$G$2:$G$4,Data!$E$2:$E$4,0,1,1) -> 45 | H6: =IF(F6=1,Data!$F$7,IF(F6=2,Data!$F$8,Data!$F$9)) -> 40 | I6: =SUM(G6:H6) -> 85 | J6: =F6*Data!$F$12 -> 96 | K6: =((G6+H6)/60)*Data!$F$14 -> 42.5 | L6: =I6*Data!$F$13 -> 850 | M6: =SUM(J6:L6) -> 988.5
A7: 6 | B7: =B6+MIN(C7:E7) -> 7100 | C7: =_xlfn.XLOOKUP(RAND(),Data!$C$2:$C$11,Data!$A$2:$A$11,0,1,1) -> 1900 | D7: =_xlfn.XLOOKUP(RAND(),Data!$C$2:$C$11,Data!$A$2:$A$11,0,1,1) -> 1800 | E7: =_xlfn.XLOOKUP(RAND(),Data!$C$2:$C$11,Data!$A$2:$A$11,0,1,1) -> 1100 | F7: 3 | G7: =_xlfn.XLOOKUP(RAND(),Data!$G$2:$G$4,Data!$E$2:$E$4,0,1,1) -> 20 | H7: =IF(F7=1,Data!$F$7,IF(F7=2,Data!$F$8,Data!$F$9)) -> 40 | I7: =SUM(G7:H7) -> 60 | J7: =F7*Data!$F$12 -> 96 | K7: =((G7+H7)/60)*Data!$F$14 -> 30 | L7: =I7*Data!$F$13 -> 600 | M7: =SUM(J7:L7) -> 726
A8: 7 | B8: =B7+MIN(C8:E8) -> 8200 | C8: =_xlfn.XLOOKUP(RAND(),Data!$C$2:$C$11,Data!$A$2:$A$11,0,1,1) -> 1100 | D8: =_xlfn.XLOOKUP(RAND(),Data!$C$2:$C$11,Data!$A$2:$A$11,0,1,1) -> 1800 | E8: =_xlfn.XLOOKUP(RAND(),Data!$C$2:$C$11,Data!$A$2:$A$11,0,1,1) -> 1200 | F8: 3 | G8: =_xlfn.XLOOKUP(RAND(),Data!$G$2:$G$4,Data!$E$2:$E$4,0,1,1) -> 30 | H8: =IF(F8=1,Data!$F$7,IF(F8=2,Data!$F$8,Data!$F$9)) -> 40 | I8: =SUM(G8:H8) -> 70 | J8: =F8*Data!$F$12 -> 96 | K8: =((G8+H8)/60)*Data!$F$14 -> 35 | L8: =I8*Data!$F$13 -> 700 | M8: =SUM(J8:L8) -> 831
A9: 8 | B9: =B8+MIN(C9:E9) -> 9200 | C9: =_xlfn.XLOOKUP(RAND(),Data!$C$2:$C$11,Data!$A$2:$A$11,0,1,1) -> 1000 | D9: =_xlfn.XLOOKUP(RAND(),Data!$C$2:$C$11,Data!$A$2:$A$11,0,1,1) -> 1200 | E9: =_xlfn.XLOOKUP(RAND(),Data!$C$2:$C$11,Data!$A$2:$A$11,0,1,1) -> 1200 | F9: 3 | G9: =_xlfn.XLOOKUP(RAND(),Data!$G$2:$G$4,Data!$E$2:$E$4,0,1,1) -> 30 | H9: =IF(F9=1,Data!$F$7,IF(F9=2,Data!$F$8,Data!$F$9)) -> 40 | I9: =SUM(G9:H9) -> 70 | J9: =F9*Data!$F$12 -> 96 | K9: =((G9+H9)/60)*Data!$F$14 -> 35 | L9: =I9*Data!$F$13 -> 700 | M9: =SUM(J9:L9) -> 831
A10: 9 | B10: =B9+MIN(C10:E10) -> 10400 | C10: =_xlfn.XLOOKUP(RAND(),Data!$C$2:$C$11,Data!$A$2:$A$11,0,1,1) -> 1700 | D10: =_xlfn.XLOOKUP(RAND(),Data!$C$2:$C$11,Data!$A$2:$A$11,0,1,1) -> 1200 | E10: =_xlfn.XLOOKUP(RAND(),Data!$C$2:$C$11,Data!$A$2:$A$11,0,1,1) -> 1200 | F10: 3 | G10: =_xlfn.XLOOKUP(RAND(),Data!$G$2:$G$4,Data!$E$2:$E$4,0,1,1) -> 45 | H10: =IF(F10=1,Data!$F$7,IF(F10=2,Data!$F$8,Data!$F$9)) -> 40 | I10: =SUM(G10:H10) -> 85 | J10: =F10*Data!$F$12 -> 96 | K10: =((G10+H10)/60)*Data!$F$14 -> 42.5 | L10: =I10*Data!$F$13 -> 850 | M10: =SUM(J10:L10) -> 988.5
A11: 10 | B11: =B10+MIN(C11:E11) -> 11500 | C11: =_xlfn.XLOOKUP(RAND(),Data!$C$2:$C$11,Data!$A$2:$A$11,0,1,1) -> 1100 | D11: =_xlfn.XLOOKUP(RAND(),Data!$C$2:$C$11,Data!$A$2:$A$11,0,1,1) -> 1400 | E11: =_xlfn.XLOOKUP(RAND(),Data!$C$2:$C$11,Data!$A$2:$A$11,0,1,1) -> 1200 | F11: 3 | G11: =_xlfn.XLOOKUP(RAND(),Data!$G$2:$G$4,Data!$E$2:$E$4,0,1,1) -> 30 | H11: =IF(F11=1,Data!$F$7,IF(F11=2,Data!$F$8,Data!$F$9)) -> 40 | I11: =SUM(G11:H11) -> 70 | J11: =F11*Data!$F$12 -> 96 | K11: =((G11+H11)/60)*Data!$F$14 -> 35 | L11: =I11*Data!$F$13 -> 700 | M11: =SUM(J11:L11) -> 831
A12: 11 | B12: =B11+MIN(C12:E12) -> 12600 | C12: =_xlfn.XLOOKUP(RAND(),Data!$C$2:$C$11,Data!$A$2:$A$11,0,1,1) -> 1100 | D12: =_xlfn.XLOOKUP(RAND(),Data!$C$2:$C$11,Data!$A$2:$A$11,0,1,1) -> 1500 | E12: =_xlfn.XLOOKUP(RAND(),Data!$C$2:$C$11,Data!$A$2:$A$11,0,1,1) -> 1100 | F12: 3 | G12: =_xlfn.XLOOKUP(RAND(),Data!$G$2:$G$4,Data!$E$2:$E$4,0,1,1) -> 30 | H12: =IF(F12=1,Data!$F$7,IF(F12=2,Data!$F$8,Data!$F$9)) -> 40 | I12: =SUM(G12:H12) -> 70 | J12: =F12*Data!$F$12 -> 96 | K12: =((G12+H12)/60)*Data!$F$14 -> 35 | L12: =I12*Data!$F$13 -> 700 | M12: =SUM(J12:L12) -> 831
A13: 12 | B13: =B12+MIN(C13:E13) -> 13600 | C13: =_xlfn.XLOOKUP(RAND(),Data!$C$2:$C$11,Data!$A$2:$A$11,0,1,1) -> 1100 | D13: =_xlfn.XLOOKUP(RAND(),Data!$C$2:$C$11,Data!$A$2:$A$11,0,1,1) -> 1000 | E13: =_xlfn.XLOOKUP(RAND(),Data!$C$2:$C$11,Data!$A$2:$A$11,0,1,1) -> 1200 | F13: 3 | G13: =_xlfn.XLOOKUP(RAND(),Data!$G$2:$G$4,Data!$E$2:$E$4,0,1,1) -> 30 | H13: =IF(F13=1,Data!$F$7,IF(F13=2,Data!$F$8,Data!$F$9)) -> 40 | I13: =SUM(G13:H13) -> 70 | J13: =F13*Data!$F$12 -> 96 | K13: =((G13+H13)/60)*Data!$F$14 -> 35 | L13: =I13*Data!$F$13 -> 700 | M13: =SUM(J13:L13) -> 831
A14: 13 | B14: =B13+MIN(C14:E14) -> 14700 | C14: =_xlfn.XLOOKUP(RAND(),Data!$C$2:$C$11,Data!$A$2:$A$11,0,1,1) -> 1200 | D14: =_xlfn.XLOOKUP(RAND(),Data!$C$2:$C$11,Data!$A$2:$A$11,0,1,1) -> 1100 | E14: =_xlfn.XLOOKUP(RAND(),Data!$C$2:$C$11,Data!$A$2:$A$11,0,1,1) -> 1300 | F14: 3 | G14: =_xlfn.XLOOKUP(RAND(),Data!$G$2:$G$4,Data!$E$2:$E$4,0,1,1) -> 45 | H14: =IF(F14=1,Data!$F$7,IF(F14=2,Data!$F$8,Data!$F$9)) -> 40 | I14: =SUM(G14:H14) -> 85 | J14: =F14*Data!$F$12 -> 96 | K14: =((G14+H14)/60)*Data!$F$14 -> 42.5 | L14: =I14*Data!$F$13 -> 850 | M14: =SUM(J14:L14) -> 988.5
... A46: 45 | B46: =B45+MIN(C46:E46) -> 51300 | C46: =_xlfn.XLOOKUP(RAND(),Data!$C$2:$C$11,Data!$A$2:$A$11,0,1,1) -> 1800 | D46: =_xlfn.XLOOKUP(RAND(),Data!$C$2:$C$11,Data!$A$2:$A$11,0,1,1) -> 1100 | E46: =_xlfn.XLOOKUP(RAND(),Data!$C$2:$C$11,Data!$A$2:$A$11,0,1,1) -> 1900 | F46: 3 | G46: =_xlfn.XLOOKUP(RAND(),Data!$G$2:$G$4,Data!$E$2:$E$4,0,1,1) -> 30 | H46: =IF(F46=1,Data!$F$7,IF(F46=2,Data!$F$8,Data!$F$9)) -> 40 | I46: =SUM(G46:H46) -> 70 | J46: =F46*Data!$F$12 -> 96 | K46: =((G46+H46)/60)*Data!$F$14 -> 35 | L46: =I46*Data!$F$13 -> 700 | M46: =SUM(J46:L46) -> 831
L48: Average Total Cost | M48: =AVERAGE(M2:M46) -> 800.66667
