Workbook

Sheet Raw Data
A1: PatientID | B1: Age | C1: Gender | D1: Ethnicity | E1: EducationLevel | F1: BMI | G1: Smoking | H1: AlcoholConsumption | I1: PhysicalActivity | J1: DietQuality | K1: SleepQuality | L1: FamilyHistoryAlzheimers | M1: CardiovascularDisease | N1: Diabetes | O1: Depression | P1: HeadInjury | Q1: Hypertension | R1: SystolicBP | S1: DiastolicBP | T1: CholesterolTotal | U1: CholesterolLDL | V1: CholesterolHDL | W1: CholesterolTriglycerides | X1: MMSE | Y1: FunctionalAssessment | Z1: MemoryComplaints | AA1: BehavioralProblems | AB1: ADL | AC1: Confusion | AD1: Disorientation | AE1: PersonalityChanges | AF1: DifficultyCompletingTasks | AG1: Forgetfulness | AH1: Diagnosis | AI1: DoctorInCharge
A2: 4751 | B2: 73 | C2: 0 | D2: 0 | E2: 2 | F2: 22.927749 | G2: 0 | H2: 13.297218 | I2: 6.3271125 | J2: 1.3472143 | K2: 9.0256787 | L2: 0 | M2: 0 | N2: 1 | O2: 1 | P2: 0 | Q2: 0 | R2: 142 | S2: 72 | T2: 242.36684 | U2: 56.150897 | V2: 33.682564 | W2: 162.18914 | X2: 21.463532 | Y2: 6.518877 | Z2: 0 | AA2: 0 | AB2: 1.7258835 | AC2: 0 | AD2: 0 | AE2: 0 | AF2: 1 | AG2: 0 | AH2: 0 | AI2: XXXConfid
A3: 4752 | B3: 89 | C3: 0 | D3: 0 | E3: 0 | F3: 26.827681 | G3: 0 | H3: 4.5425238 | I3: 7.6198845 | J3: 0.51876714 | K3: 7.1512927 | L3: 0 | M3: 0 | N3: 0 | O3: 0 | P3: 0 | Q3: 0 | R3: 115 | S3: 64 | T3: 231.1626 | U3: 193.408 | V3: 79.028477 | W3: 294.63091 | X3: 20.613267 | Y3: 7.1186955 | Z3: 0 | AA3: 0 | AB3: 2.5924241 | AC3: 0 | AD3: 0 | AE3: 0 | AF3: 0 | AG3: 1 | AH3: 0 | AI3: XXXConfid
A4: 4753 | B4: 73 | C4: 0 | D4: 3 | E4: 1 | F4: 17.795882 | G4: 0 | H4: 19.555085 | I4: 7.8449878 | J4: 1.8263347 | K4: 9.6735742 | L4: 1 | M4: 0 | N4: 0 | O4: 0 | P4: 0 | Q4: 0 | R4: 99 | S4: 116 | T4: 284.18186 | U4: 153.32276 | V4: 69.772292 | W4: 83.638324 | X4: 7.3562486 | Y4: 5.8950773 | Z4: 0 | AA4: 0 | AB4: 7.1195477 | AC4: 0 | AD4: 1 | AE4: 0 | AF4: 1 | AG4: 0 | AH4: 0 | AI4: XXXConfid
A5: 4754 | B5: 74 | C5: 1 | D5: 0 | E5: 1 | F5: 33.800817 | G5: 1 | H5: 12.209266 | I5: 8.4280014 | J5: 7.4356041 | K5: 8.3925537 | L5: 0 | M5: 0 | N5: 0 | O5: 0 | P5: 0 | Q5: 0 | R5: 118 | S5: 115 | T5: 159.58224 | U5: 65.366637 | V5: 68.457491 | W5: 277.57736 | X5: 13.991127 | Y5: 8.9651063 | Z5: 0 | AA5: 1 | AB5: 6.4812259 | AC5: 0 | AD5: 0 | AE5: 0 | AF5: 0 | AG5: 0 | AH5: 0 | AI5: XXXConfid
A6: 4755 | B6: 89 | C6: 0 | D6: 0 | E6: 0 | F6: 20.716974 | G6: 0 | H6: 18.454356 | I6: 6.3104607 | J6: 0.79549751 | K6: 5.5972377 | L6: 0 | M6: 0 | N6: 0 | O6: 0 | P6: 0 | Q6: 0 | R6: 94 | S6: 117 | T6: 237.60218 | U6: 92.8697 | V6: 56.874305 | W6: 291.19878 | X6: 13.517609 | Y6: 6.0450388 | Z6: 0 | AA6: 0 | AB6: 0.014691221 | AC6: 0 | AD6: 0 | AE6: 1 | AF6: 1 | AG6: 0 | AH6: 0 | AI6: XXXConfid
A7: 4756 | B7: 86 | C7: 1 | D7: 1 | E7: 1 | F7: 30.626886 | G7: 0 | H7: 4.1401438 | I7: 0.21106163 | J7: 1.584922 | K7: 7.2619525 | L7: 0 | M7: 0 | N7: 1 | O7: 0 | P7: 0 | Q7: 0 | R7: 168 | S7: 62 | T7: 280.71254 | U7: 198.33463 | V7: 79.080503 | W7: 263.94365 | X7: 27.517529 | Y7: 5.5101441 | Z7: 0 | AA7: 0 | AB7: 9.0156863 | AC7: 1 | AD7: 0 | AE7: 0 | AF7: 0 | AG7: 0 | AH7: 0 | AI7: XXXConfid
A8: 4757 | B8: 68 | C8: 0 | D8: 3 | E8: 2 | F8: 38.387622 | G8: 1 | H8: 0.64604727 | I8: 9.2576949 | J8: 5.8973879 | K8: 5.4776856 | L8: 0 | M8: 0 | N8: 0 | O8: 0 | P8: 1 | Q8: 0 | R8: 143 | S8: 88 | T8: 263.73415 | U8: 52.47067 | V8: 66.533369 | W8: 216.48917 | X8: 1.9644127 | Y8: 6.0621245 | Z8: 0 | AA8: 0 | AB8: 9.2363283 | AC8: 0 | AD8: 0 | AE8: 0 | AF8: 0 | AG8: 1 | AH8: 0 | AI8: XXXConfid
A9: 4758 | B9: 75 | C9: 0 | D9: 0 | E9: 1 | F9: 18.776009 | G9: 0 | H9: 13.723826 | I9: 4.6494507 | J9: 8.3419032 | K9: 4.2132099 | L9: 0 | M9: 0 | N9: 0 | O9: 0 | P9: 0 | Q9: 0 | R9: 117 | S9: 63 | T9: 151.38314 | U9: 69.62351 | V9: 77.346816 | W9: 210.57087 | X9: 10.139568 | Y9: 3.4013735 | Z9: 0 | AA9: 0 | AB9: 4.5172483 | AC9: 1 | AD9: 0 | AE9: 0 | AF9: 0 | AG9: 1 | AH9: 1 | AI9: XXXConfid
A10: 4759 | B10: 72 | C10: 1 | D10: 1 | E10: 0 | F10: 27.833188 | G10: 0 | H10: 12.167848 | I10: 1.5313598 | J10: 6.736882 | K10: 5.7482239 | L10: 0 | M10: 0 | N10: 0 | O10: 0 | P10: 0 | Q10: 1 | R10: 117 | S10: 119 | T10: 233.60576 | U10: 144.04574 | V10: 43.075893 | W10: 151.16419 | X10: 25.820732 | Y10: 7.396061 | Z10: 0 | AA10: 1 | AB10: 0.75623181 | AC10: 0 | AD10: 0 | AE10: 1 | AF10: 0 | AG10: 0 | AH10: 0 | AI10: XXXConfid
A11: 4760 | B11: 87 | C11: 0 | D11: 0 | E11: 0 | F11: 35.456302 | G11: 1 | H11: 16.028688 | I11: 6.4407727 | J11: 8.0860191 | K11: 7.5517734 | L11: 0 | M11: 1 | N11: 0 | O11: 0 | P11: 0 | Q11: 0 | R11: 130 | S11: 78 | T11: 281.63005 | U11: 130.49758 | V11: 74.291247 | W11: 144.17597 | X11: 28.388409 | Y11: 1.1489035 | Z11: 0 | AA11: 1 | AB11: 4.5543939 | AC11: 0 | AD11: 0 | AE11: 0 | AF11: 0 | AG11: 0 | AH11: 0 | AI11: XXXConfid
A12: 4761 | B12: 89 | C12: 0 | D12: 3 | E12: 1 | F12: 39.463034 | G12: 0 | H12: 9.8112921 | I12: 8.8199504 | J12: 0.43402028 | K12: 7.6440973 | L12: 0 | M12: 0 | N12: 0 | O12: 0 | P12: 0 | Q12: 0 | R12: 131 | S12: 86 | T12: 224.52644 | U12: 160.75648 | V12: 68.328313 | W12: 172.78522 | X12: 19.696107 | Y12: 8.2469681 | Z12: 0 | AA12: 0 | AB12: 2.0189401 | AC12: 0 | AD12: 1 | AE12: 0 | AF12: 0 | AG12: 1 | AH12: 0 | AI12: XXXConfid
A13: 4762 | B13: 78 | C13: 0 | D13: 0 | E13: 2 | F13: 22.463383 | G13: 1 | H13: 19.300183 | I13: 3.8346394 | J13: 8.2791895 | K13: 8.3123255 | L13: 0 | M13: 0 | N13: 1 | O13: 0 | P13: 0 | Q13: 1 | R13: 165 | S13: 97 | T13: 254.58656 | U13: 132.96001 | V13: 39.009282 | W13: 344.4486 | X13: 21.205615 | Y13: 5.5685414 | Z13: 0 | AA13: 0 | AB13: 5.4672668 | AC13: 0 | AD13: 1 | AE13: 0 | AF13: 1 | AG13: 1 | AH13: 0 | AI13: XXXConfid
... A2150: 6899 | B2150: 72 | C2150: 0 | D2150: 0 | E2150: 2 | F2150: 33.289738 | G2150: 0 | H2150: 7.8907032 | I2150: 6.5709934 | J2150: 7.9414039 | K2150: 9.8787105 | L2150: 0 | M2150: 0 | N2150: 0 | O2150: 0 | P2150: 0 | Q2150: 0 | R2150: 166 | S2150: 78 | T2150: 283.3968 | U2150: 92.200064 | V2150: 81.920043 | W2150: 217.39687 | X2150: 11.114777 | Y2150: 6.3075433 | Z2150: 0 | AA2150: 1 | AB2150: 8.327563 | AC2150: 0 | AD2150: 1 | AE2150: 0 | AF2150: 0 | AG2150: 1 | AH2150: 0 | AI2150: XXXConfid

Sheet Age
A1: Age
A3: Mean | B3: 74.908795
A4: Standard Error | B4: 0.19393321
A5: Median | B5: 75
A6: Mode | B6: 68
A7: Standard Deviation | B7: 8.9902214
A8: Sample Variance | B8: 80.82408
A9: Kurtosis | B9: -1.189214
A10: Skewness | B10: 0.045964341
A11: Range | B11: 30
A12: Minimum | B12: 60
A13: Maximum | B13: 90
A14: Sum | B14: 160979
A15: Count | B15: 2149
A17: Min | B17: =QUARTILE('Raw Data'!B2:B2150,0) -> 60
A18: Q1 - 25% | B18: =QUARTILE('Raw Data'!B2:B2150,1) -> 67 | D18: Interpretation: Age The age of individuals in the dataset ranges between 60 and 90 years, with an average age of 74.91 years and a standard deviation of 8.99 years around the mean (74.91). From different statistical measures, we can infer that the data distribution is approximately symmetrical, though not perfectly, as indicated by the skewness value of 0.0459. Additionally, the kurtosis value of -1.1892 suggests a relatively flatter distribution compared to a normal distribution. By calculating the upper and lower limits and analyzing potential outliers, we can determine whether extreme values exist. However, based on the range and given values, the minimum (60) and maximum (90) ages may not necessarily be outliers but rather represent the natural span of the dataset.
A19: IQR - 50% | B19: =B20-B18 -> 16
A20: Q3 - 75% | B20: =QUARTILE('Raw Data'!B2:B2150,3) -> 83
A21: Max | B21: =QUARTILE('Raw Data'!B2:B2150,4) -> 90
A23: LIM INF | B23: =B18-(1.5*B19) -> 43
A24: LIM SUP | B24: =B20 +(1.5*B19) -> 107

Sheet BMI
A1: BMI
A3: Mean | B3: 27.655697
A4: Standard Error | B4: 0.15569148
A5: Median | B5: 27.823924
A6: Mode | B6: #N/A
A7: Standard Deviation | B7: 7.2174381
A8: Sample Variance | B8: 52.091413
A9: Kurtosis | B9: -1.184508
A10: Skewness | B10: -0.026714591
A11: Range | B11: 24.983916
A12: Minimum | B12: 15.008851
A13: Maximum | B13: 39.992767
A14: Sum | B14: 59432.093
A15: Count | B15: 2149
A17: Min | B17: =QUARTILE('Raw Data'!F2:F2150,0) -> 15.008851
A18: Q1 - 25% | B18: =QUARTILE('Raw Data'!F2:F2150,1) -> 21.611408 | D18: Interpretation: BMI The BMI values in the dataset range between 15.01 and 39.99, with an average BMI of 27.66 and a standard deviation of 7.22 around the mean (27.66). The distribution of the data appears approximately symmetrical, as indicated by the skewness value of -0.0267. The kurtosis value of -1.1845 suggests a relatively flatter distribution compared to a normal distribution, meaning there are fewer extreme values. By analyzing the range and statistical limits, we can assess potential outliers. However, based on the given minimum (15.01) and maximum (39.99) values, these do not appear to be extreme outliers but rather represent the natural spread of BMI values in the dataset.
A19: IQR - 50% | B19: =B20-B18 -> 12.25837
A20: Q3 - 75% | B20: =QUARTILE('Raw Data'!F2:F2150,3) -> 33.869778
A21: Max | B21: =QUARTILE('Raw Data'!F2:F2150,4) -> 39.992767
A23: LIM INF | B23: =B18-(1.5*B19) -> 3.2238532
A24: LIM SUP | B24: =B20 +(1.5*B19) -> 52.257332

Sheet AlcoholConsumption
A1: AlcoholConsumption
A3: Mean | B3: 10.039442
A4: Standard Error | B4: 0.12420718
A5: Median | B5: 9.9344124
A6: Mode | B6: #N/A
A7: Standard Deviation | B7: 5.7579103
A8: Sample Variance | B8: 33.153531
A9: Kurtosis | B9: -1.2028757
A10: Skewness | B10: 0.018414567
A11: Range | B11: 19.98729
A12: Minimum | B12: 0.002003099
A13: Maximum | B13: 19.989293
A14: Sum | B14: 21574.76
A15: Count | B15: 2149
A17: Min | B17: =QUARTILE('Raw Data'!H2:H2150,0) -> 0.002003099
A18: Q1 - 25% | B18: =QUARTILE('Raw Data'!H2:H2150,1) -> 5.1398096 | D18: Interpretation: Alcohol Consumption The alcohol consumption values in the dataset range between 0.002 and 19.99, with an average consumption of 10.04 and a standard deviation of 5.76 around the mean (10.04). The data distribution appears approximately symmetrical, as indicated by the skewness value of 0.0184. The kurtosis value of -1.2029 suggests a relatively flatter distribution compared to a normal distribution, meaning there are fewer extreme values. By analyzing the range and statistical limits, we can assess potential outliers. However, based on the given minimum (0.002) and maximum (19.99) values, these do not appear to be extreme outliers but rather represent the natural spread of alcohol consumption in the dataset.
A19: IQR - 50% | B19: =B20-B18 -> 10.018121
A20: Q3 - 75% | B20: =QUARTILE('Raw Data'!H2:H2150,3) -> 15.157931
A21: Max | B21: =QUARTILE('Raw Data'!H2:H2150,4) -> 19.989293
A23: LIM INF | B23: =B18-(1.5*B19) -> -9.8873719
A24: LIM SUP | B24: =B20 +(1.5*B19) -> 30.185112

Sheet SleepQuality
A1: SleepQuality
A3: Mean | B3: 7.0510811
A4: Standard Error | B4: 0.038043041
A5: Median | B5: 7.1156462
A6: Mode | B6: #N/A
A7: Standard Deviation | B7: 1.7635729
A8: Sample Variance | B8: 3.1101895
A9: Kurtosis | B9: -1.2124536
A10: Skewness | B10: -0.069630253
A11: Range | B11: 5.9972117
A12: Minimum | B12: 4.0026287
A13: Maximum | B13: 9.9998403
A14: Sum | B14: 15152.773
A15: Count | B15: 2149
A17: Min | B17: =QUARTILE('Raw Data'!K2:K2150,0) -> 4.0026287
A18: Q1 - 25% | B18: =QUARTILE('Raw Data'!K2:K2150,1) -> 5.4829972 | D18: Interpretation: Sleep Quality The sleep quality values in the dataset range between 4.00 and 9.99, with an average sleep quality score of 7.05 and a standard deviation of 1.76 around the mean (7.05). The data distribution appears approximately symmetrical, as indicated by the skewness value of -0.0696. The kurtosis value of -1.2125 suggests a relatively flatter distribution compared to a normal distribution, meaning there are fewer extreme values. By analyzing the range and statistical limits, we can assess potential outliers. However, based on the given minimum (4.00) and maximum (9.99) values, these do not appear to be extreme outliers but rather represent the natural spread of sleep quality scores in the dataset.
A19: IQR - 50% | B19: =B20-B18 -> 3.0795237
A20: Q3 - 75% | B20: =QUARTILE('Raw Data'!K2:K2150,3) -> 8.5625209
A21: Max | B21: =QUARTILE('Raw Data'!K2:K2150,4) -> 9.9998403
A23: LIM INF | B23: =B18-(1.5*B19) -> 0.86371162
A24: LIM SUP | B24: =B20 +(1.5*B19) -> 13.181807
